id,title,score,num_comments,author,created_utc,url,over_18,edited,spoiler,stickied
1gdfer5,Can you describe the most advanced level of data architecture you have seen in your work ?,91,57,syedsadath17,2024-10-27 16:51:14,https://www.reddit.com/r/dataengineering/comments/1gdfer5/can_you_describe_the_most_advanced_level_of_data/,False,False,False,False
1gdxhh2,What are best libraries to process data in 100 of GBs without loading everything into the memroy?,37,54,Specialist_Bird9619,2024-10-28 08:57:46,https://www.reddit.com/r/dataengineering/comments/1gdxhh2/what_are_best_libraries_to_process_data_in_100_of/,False,False,False,False
1gdfpj7,Why is metadata consuming large amount of storage and how to optimize it?,33,5,Snoo54963,2024-10-27 17:03:23,https://www.reddit.com/r/dataengineering/comments/1gdfpj7/why_is_metadata_consuming_large_amount_of_storage/,False,False,False,False
1gdm48k,Best course to get started with Kubernetes?,23,5,Prestigious_Maize433,2024-10-27 21:44:35,https://www.reddit.com/r/dataengineering/comments/1gdm48k/best_course_to_get_started_with_kubernetes/,False,False,False,False
1gdzlos,What's everyone's experience leaving a relaxed role for a more challenging opportunity with more career opportunities?,18,13,level_126_programmer,2024-10-28 11:23:24,https://www.reddit.com/r/dataengineering/comments/1gdzlos/whats_everyones_experience_leaving_a_relaxed_role/,False,False,False,False
1gdhpv2,Analyst to engineer,8,5,Nubian_hurricane7,2024-10-27 18:30:32,https://www.reddit.com/r/dataengineering/comments/1gdhpv2/analyst_to_engineer/,False,False,False,False
1gdg42r,Any book from a founder who has been in data analytics space from a long time,7,9,syedsadath17,2024-10-27 17:21:15,https://www.reddit.com/r/dataengineering/comments/1gdg42r/any_book_from_a_founder_who_has_been_in_data/,False,False,False,False
1ge0pkd,How do you find the line that errored?,8,20,chatsgpt,2024-10-28 12:25:19,https://www.reddit.com/r/dataengineering/comments/1ge0pkd/how_do_you_find_the_line_that_errored/,False,False,False,False
1gdxqt8,Why Use a Coefficient of 2 in Contribution Score Formula Instead of Dividing by 2?,8,11,Avry_great,2024-10-28 09:17:33,https://www.reddit.com/r/dataengineering/comments/1gdxqt8/why_use_a_coefficient_of_2_in_contribution_score/,False,False,False,False
1gdw9sr,Advice on next skills to learn,9,9,Similar_Treat_5803,2024-10-28 07:20:12,https://www.reddit.com/r/dataengineering/comments/1gdw9sr/advice_on_next_skills_to_learn/,False,False,False,False
1gdvn0c,"How do you handle centralized logic and context-sharing in DBT models as the team scales?

",5,4,Signal-Indication859,2024-10-28 06:30:43,https://www.reddit.com/r/dataengineering/comments/1gdvn0c/how_do_you_handle_centralized_logic_and/,False,False,False,False
1ge0fho,Recommended steps to upgrade a hacked together data pipeline,7,9,Fun-Unit-7911,2024-10-28 12:10:32,https://www.reddit.com/r/dataengineering/comments/1ge0fho/recommended_steps_to_upgrade_a_hacked_together/,False,False,False,False
1gdt2ax,How to Not Give Away Business Process Information During Interviews,5,5,eab680,2024-10-28 03:37:37,https://www.reddit.com/r/dataengineering/comments/1gdt2ax/how_to_not_give_away_business_process_information/,False,False,False,False
1gdnvdq,A tool for automatically understanding the structure of large JSON datasets,8,0,Zealousideal_Ad_37,2024-10-27 23:07:20,https://github.com/timf34/JSONDetective,False,False,False,False
1ge04zj,MS Fabric wheel python,3,0,Comment_Error,2024-10-28 11:54:51,https://www.reddit.com/r/dataengineering/comments/1ge04zj/ms_fabric_wheel_python/,False,False,False,False
1ge2g07,ETL documentation - Nonsense or helpful?,3,0,Dry-Steak-3921,2024-10-28 13:46:33,https://www.reddit.com/r/dataengineering/comments/1ge2g07/etl_documentation_nonsense_or_helpful/,False,False,False,False
1gdxjve,"Need help in deciding if data engineering is something I can do, tired of having bad experiences with software",3,5,bobby667788,2024-10-28 09:02:27,https://www.reddit.com/r/dataengineering/comments/1gdxjve/need_help_in_deciding_if_data_engineering_is/,False,False,False,False
1gduegk,How AutoMQ Reduces Nearly 100% of Kafka Cross-Zone Data Transfer Cost,3,0,wanshao,2024-10-28 05:01:02,https://medium.com/thedeephub/how-automq-reduces-nearly-100-of-kafka-cross-zone-data-transfer-cost-e1a3478ec240,False,False,False,False
1gdehh4,Is transitioning to NoSQL a reasonable data model re-architecture for our web app?,3,42,Zestyclose-Sun-2684,2024-10-27 16:11:25,https://www.reddit.com/r/dataengineering/comments/1gdehh4/is_transitioning_to_nosql_a_reasonable_data_model/,False,False,False,False
1gdeeik,NoSQL vs SQL,3,4,cha4m001,2024-10-27 16:07:45,https://www.reddit.com/r/dataengineering/comments/1gdeeik/nosql_vs_sql/,False,False,False,False
1gdz0bk,Which policy engine should I choose off the shelf for my data lakehouse?,2,0,gangana3,2024-10-28 10:47:13,https://www.reddit.com/r/dataengineering/comments/1gdz0bk/which_policy_engine_should_i_choose_off_the_shelf/,False,False,False,False
1gduc2z,Implementing data masking based on groups.,2,5,SreeksRee,2024-10-28 04:56:48,https://www.reddit.com/r/dataengineering/comments/1gduc2z/implementing_data_masking_based_on_groups/,False,False,False,False
1gdlltm,Data architecture discussions !!,1,0,jstfoll,2024-10-27 21:21:01,https://www.reddit.com/r/dataengineering/comments/1gdlltm/data_architecture_discussions/,False,False,False,False
1gdg76f,What's your framework to do things as a matured engineer ?,2,0,syedsadath17,2024-10-27 17:25:03,https://www.reddit.com/r/dataengineering/comments/1gdg76f/whats_your_framework_to_do_things_as_a_matured/,False,False,False,False
1ge5im2,Re-using database connections,1,0,Lower_Tutor5470,2024-10-28 15:53:53,https://www.reddit.com/r/dataengineering/comments/1ge5im2/reusing_database_connections/,False,False,False,False
1ge5b3b,Data modelers: whatâ€™s the one part of your job that seriously sucks?,4,14,Lovely_Butter_Fly,2024-10-28 15:45:25,https://www.reddit.com/r/dataengineering/comments/1ge5b3b/data_modelers_whats_the_one_part_of_your_job_that/,False,False,False,False
1ge0sw4,How would you do group by in parallel,1,3,chatsgpt,2024-10-28 12:30:06,https://www.reddit.com/r/dataengineering/comments/1ge0sw4/how_would_you_do_group_by_in_parallel/,False,False,False,False
1gdzy75,Archive Oracle DB,1,0,sp_1218_,2024-10-28 11:44:03,https://www.reddit.com/r/dataengineering/comments/1gdzy75/archive_oracle_db/,False,False,False,False
1gdyaf6,How to create a sandbox environment for myself to learn data tech?,1,5,Chemical-Pollution59,2024-10-28 09:58:25,https://www.reddit.com/r/dataengineering/comments/1gdyaf6/how_to_create_a_sandbox_environment_for_myself_to/,False,False,False,False
1gduiqs,EAV or lots of tables,1,1,Numerous-Bug8381,2024-10-28 05:09:18,https://www.reddit.com/r/dataengineering/comments/1gduiqs/eav_or_lots_of_tables/,False,False,False,False
1gdj65h,help please,1,3,DesignerBonus3799,2024-10-27 19:32:26,https://www.reddit.com/r/dataengineering/comments/1gdj65h/help_please/,False,False,False,False
1gdj3fx,Business Problem ,1,0,Scarlet_Wiitch,2024-10-27 19:29:09,https://www.reddit.com/r/dataengineering/comments/1gdj3fx/business_problem/,False,False,False,False
1gdg8f7,8yr exp TSQL Dev - How do I get started on AI/ML?,0,4,hashirama15,2024-10-27 17:26:33,https://www.reddit.com/r/dataengineering/comments/1gdg8f7/8yr_exp_tsql_dev_how_do_i_get_started_on_aiml/,False,False,False,False
